movie_title,director_id,country_id,content_rating,title_year,imdb_score,gross,duration,id_x,country,id_y,director_name
The Dark Knight,16,1,PG-13,2008,9.0,533.316061,152,1,USA,16,Christopher Nolan
Inception,16,1,PG-13,2010,8.8,292.568851,148,1,USA,16,Christopher Nolan
Interstellar,16,1,PG-13,2014,8.6,187.991439,169,1,USA,16,Christopher Nolan
Memento,16,1,R,2000,8.5,25.530884,113,1,USA,16,Christopher Nolan
The Prestige,16,1,PG-13,2006,8.5,53.082743,130,1,USA,16,Christopher Nolan
The Dark Knight Rises,16,1,PG-13,2012,8.5,448.130642,164,1,USA,16,Christopher Nolan
Batman Begins,16,1,PG-13,2005,8.3,205.343774,128,1,USA,16,Christopher Nolan
The Lord of the Rings: The Return of the King,83,1,PG-13,2003,8.9,377.019252,192,1,USA,83,Peter Jackson
The Lord of the Rings: The Two Towers,83,1,PG-13,2002,8.7,340.478898,172,1,USA,83,Peter Jackson
The Lord of the Rings: The Fellowship of the Ring,83,3,PG-13,2001,8.8,313.837577,171,3,New Zealand,83,Peter Jackson
Django Unchained,85,1,R,2012,8.5,162.804648,165,1,USA,85,Quentin Tarantino
Inglourious Basterds,85,1,R,2009,8.3,120.523073,153,1,USA,85,Quentin Tarantino
Kill Bill: Vol. 1,85,1,R,2003,8.1,70.098138,111,1,USA,85,Quentin Tarantino
Kill Bill: Vol. 2,85,1,R,2004,8.0,66.20792,137,1,USA,85,Quentin Tarantino
Gone Girl,22,1,R,2014,8.1,167.735396,149,1,USA,22,David Fincher
The Departed,71,1,R,2006,8.5,132.373442,151,1,USA,71,Martin Scorsese
The Wolf of Wall Street,71,1,R,2013,8.2,116.866727,240,1,USA,71,Martin Scorsese
Shutter Island,71,1,R,2010,8.1,127.968405,138,1,USA,71,Martin Scorsese
Whiplash,19,1,R,2014,8.5,13.092,107,1,USA,19,Damien Chazelle
Gladiator,90,1,R,2000,8.5,187.670866,171,1,USA,90,Ridley Scott
The Martian,90,1,PG-13,2015,8.1,228.430993,151,1,USA,90,Ridley Scott
WALLáE,5,1,G,2008,8.4,223.806889,98,1,USA,5,Andrew Stanton
Finding Nemo,5,1,G,2003,8.2,380.83887,100,1,USA,5,Andrew Stanton
Requiem for a Dream,21,1,R,2000,8.4,3.609278,102,1,USA,21,Darren Aronofsky
Inside Job,15,1,PG-13,2010,8.3,4.311834,105,1,USA,15,Charles Ferguson
Gran Torino,17,1,R,2008,8.2,148.085755,116,1,USA,17,Clint Eastwood
Million Dollar Baby,17,1,PG-13,2004,8.1,100.422786,132,1,USA,17,Clint Eastwood
Toy Story 3,67,1,G,2010,8.3,414.984497,103,1,USA,67,Lee Unkrich
Eternal Sunshine of the Spotless Mind,74,1,R,2004,8.3,34.126138,108,1,USA,74,Michel Gondry
Up,82,1,PG,2009,8.3,292.979556,96,1,USA,82,Pete Docter
Inside Out,82,1,PG,2015,8.3,356.454367,95,1,USA,82,Pete Docter
"Monsters, Inc.",82,1,G,2001,8.1,289.907418,92,1,USA,82,Pete Docter
Captain America: Civil War,6,1,PG-13,2016,8.2,407.197282,147,1,USA,6,Anthony Russo
How to Train Your Dragon,25,1,PG,2010,8.2,217.387997,98,1,USA,25,Dean DeBlois
Warrior,37,1,PG-13,2011,8.2,13.651662,140,1,USA,37,Gavin O'Connor
V for Vendetta,50,1,R,2005,8.2,70.496802,132,1,USA,50,James McTeigue
A Beautiful Mind,95,1,PG-13,2001,8.2,170.708996,135,1,USA,95,Ron Howard
Cinderella Man,95,1,PG-13,2005,8.0,61.644321,144,1,USA,95,Ron Howard
Rush,95,8,R,2013,8.1,26.903709,123,8,UK,95,Ron Howard
Into the Wild,97,1,R,2007,8.2,18.352454,148,1,USA,97,Sean Penn
The Revenant,3,1,R,2015,8.1,183.635922,156,1,USA,3,Alejandro G. Inarritu
Amores Perros,3,18,R,2000,8.1,5.383834,115,18,Mexico,3,Alejandro G. Inarritu
Prisoners,26,1,R,2013,8.1,60.962878,153,1,USA,26,Denis Villeneuve
Incendies,26,15,R,2010,8.2,6.857096,139,15,Canada,26,Denis Villeneuve
No Country for Old Men,30,1,R,2007,8.1,74.273505,122,1,USA,30,Ethan Coen
Sin City,35,1,R,2005,8.1,74.098862,147,1,USA,35,Frank Miller
Pirates of the Caribbean: The Curse of the Black Pearl,41,1,PG-13,2003,8.1,305.388685,143,1,USA,41,Gore Verbinski
Guardians of the Galaxy,49,1,PG-13,2014,8.1,333.130696,121,1,USA,49,James Gunn
The Avengers,60,1,PG-13,2012,8.1,623.279547,173,1,USA,60,Joss Whedon
Serenity,60,1,PG-13,2005,8.0,25.335935,119,1,USA,60,Joss Whedon
The Bourne Ultimatum,80,1,PG-13,2007,8.1,227.13709,115,1,USA,80,Paul Greengrass
There Will Be Blood,81,1,R,2007,8.1,40.218903,158,1,USA,81,Paul Thomas Anderson
Donnie Darko,87,1,R,2001,8.1,0.727883,133,1,USA,87,Richard Kelly
Before Sunset,88,1,R,2004,8.0,5.792822,80,1,USA,88,Richard Linklater
Boyhood,88,1,R,2014,8.0,25.3592,165,1,USA,88,Richard Linklater
12 Years a Slave,102,1,R,2013,8.1,56.66787,134,1,USA,102,Steve McQueen
The Help,104,1,PG-13,2011,8.1,169.705587,146,1,USA,104,Tate Taylor
Deadpool,109,1,R,2016,8.1,363.024263,108,1,USA,109,Tim Miller
Spotlight,110,1,R,2015,8.1,44.98818,128,1,USA,110,Tom McCarthy
The Grand Budapest Hotel,115,1,R,2014,8.1,59.073773,99,1,USA,115,Wes Anderson
Dallas Buyers Club,51,1,R,2013,8.0,27.296514,117,1,USA,51,Jean-Marc Vallee
Sicko,73,1,PG-13,2007,8.0,24.530513,123,1,USA,73,Michael Moore
Bowling for Columbine,73,6,R,2002,8.0,21.244913,120,6,Germany,73,Michael Moore
Her,99,1,R,2013,8.0,25.556065,126,1,USA,99,Spike Jonze
The Perks of Being a Wallflower,101,1,PG-13,2012,8.0,17.73857,102,1,USA,101,Stephen Chbosky
Big Fish,108,1,PG-13,2003,8.0,66.257002,125,1,USA,108,Tim Burton
Snatch,44,8,R,2000,8.3,30.093107,104,8,UK,44,Guy Ritchie
The Imitation Game,77,8,PG-13,2014,8.1,91.121452,114,8,UK,77,Morten Tyldum
Hotel Rwanda,105,8,PG-13,2004,8.1,23.4729,121,8,UK,105,Terry George
Shaun of the Dead,27,8,R,2004,8.0,13.464388,99,8,UK,27,Edgar Wright
In Bruges,70,8,R,2008,8.0,7.75713,107,8,UK,70,Martin McDonagh
The Lives of Others,32,6,R,2006,8.5,11.284657,137,6,Germany,32,Florian Henckel von Donnersmarck
Downfall,78,6,R,2004,8.3,5.50194,178,6,Germany,78,Oliver Hirschbiegel
Blood Diamond,28,6,R,2006,8.0,57.366262,143,6,Germany,28,Edward Zwick
Spirited Away,46,4,PG,2001,8.6,10.049886,125,4,Japan,46,Hayao Miyazaki
Howl's Moving Castle,46,4,PG,2004,8.2,4.710455,119,4,Japan,46,Hayao Miyazaki
City of God,31,5,R,2002,8.7,7.563397,135,5,Brazil,31,Fernando Meirelles
Elite Squad,59,5,R,2007,8.1,0.00806,115,5,Brazil,59,Jose Padilha
The Pianist,94,7,R,2002,8.5,32.519322,150,7,France,94,Roman Polanski
AmÌ©lie,52,7,R,2001,8.4,33.201661,122,7,France,52,Jean-Pierre Jeunet
Mulholland Drive,24,7,R,2001,8.0,7.219578,147,7,France,24,David Lynch
The Diving Bell and the Butterfly,62,7,PG-13,2007,8.0,5.990075,112,7,France,62,Julian Schnabel
The Artist,75,7,PG-13,2011,8.0,44.667095,100,7,France,75,Michel Hazanavicius
Persepolis,114,7,PG-13,2007,8.0,4.443403,89,7,France,114,Vincent Paronnaud
A Separation,7,11,PG-13,2011,8.4,7.098492,123,11,Iran,7,Asghar Farhadi
Oldboy,13,9,R,2003,8.4,2.18129,120,9,South Korea,13,Chan-wook Park
Rang De Basanti,86,10,Not Rated,2006,8.4,2.197331,157,10,India,86,Rakeysh Omprakash Mehra
My Name Is Khan,63,10,PG-13,2010,8.0,4.018695,128,10,India,63,Karan Johar
Room,68,14,R,2015,8.3,14.677654,118,14,Ireland,68,Lenny Abrahamson
The Hunt,107,13,R,2012,8.3,0.610968,115,13,Denmark,107,Thomas Vinterberg
Dancer in the Dark,66,13,R,2000,8.0,4.157491,140,13,Denmark,66,Lars von Trier
Pan's Labyrinth,42,17,R,2006,8.2,37.623143,112,17,Spain,42,Guillermo del Toro
The Sea Inside,2,17,PG-13,2004,8.1,2.086345,125,17,Spain,2,Alejandro Amenabar
The Secret in Their Eyes,61,16,R,2009,8.2,20.167424,129,16,Argentina,61,Juan Jose Campanella
Mad Max: Fury Road,39,19,R,2015,8.1,153.629485,120,19,Australia,39,George Miller
