movie_title,director_id,country_id,content_rating,title_year,imdb_score,gross,duration,id_x,country,id_y,director_name
The Shawshank Redemption,34,1,R,1994,9.3,28.341469,142,1,USA,34,Frank Darabont
The Green Mile,34,1,R,1999,8.5,136.801374,189,1,USA,34,Frank Darabont
The Godfather,33,1,R,1972,9.2,134.821952,175,1,USA,33,Francis Ford Coppola
The Godfather: Part II,33,1,R,1974,9.0,57.3,220,1,USA,33,Francis Ford Coppola
Apocalypse Now,33,1,R,1979,8.5,78.8,289,1,USA,33,Francis Ford Coppola
Pulp Fiction,85,1,R,1994,8.9,107.93,178,1,USA,85,Quentin Tarantino
Reservoir Dogs,85,1,R,1992,8.4,2.812029,99,1,USA,85,Quentin Tarantino
Schindler's List,103,1,R,1993,8.9,96.067179,185,1,USA,103,Steven Spielberg
Saving Private Ryan,103,1,R,1998,8.6,216.119491,169,1,USA,103,Steven Spielberg
Raiders of the Lost Ark,103,1,PG,1981,8.5,242.374454,115,1,USA,103,Steven Spielberg
Indiana Jones and the Last Crusade,103,1,PG-13,1989,8.3,197.171806,127,1,USA,103,Steven Spielberg
Jurassic Park,103,1,PG-13,1993,8.1,356.784,127,1,USA,103,Steven Spielberg
Fight Club,22,1,R,1999,8.8,37.023395,151,1,USA,22,David Fincher
Se7en,22,1,R,1995,8.6,100.12534,127,1,USA,22,David Fincher
Star Wars: Episode V - The Empire Strikes Back,47,1,PG,1980,8.8,290.158751,127,1,USA,47,Irvin Kershner
Forrest Gump,92,1,PG-13,1994,8.8,329.691196,142,1,USA,92,Robert Zemeckis
Back to the Future,92,1,PG,1985,8.5,210.609762,116,1,USA,92,Robert Zemeckis
Star Wars: Episode IV - A New Hope,38,1,PG,1977,8.7,460.935665,125,1,USA,38,George Lucas
The Matrix,65,1,R,1999,8.7,171.383253,136,1,USA,65,Lana Wachowski
Goodfellas,71,1,R,1990,8.7,46.836394,146,1,USA,71,Martin Scorsese
Raging Bull,71,1,R,1980,8.3,0.04525,121,1,USA,71,Martin Scorsese
Casino,71,1,R,1995,8.2,42.4383,178,1,USA,71,Martin Scorsese
One Flew Over the Cuckoo's Nest,76,1,R,1975,8.7,112.0,133,1,USA,76,Milos Forman
Amadeus,76,1,R,1984,8.3,51.6,180,1,USA,76,Milos Forman
The Usual Suspects,12,1,R,1995,8.6,23.272306,106,1,USA,12,Bryan Singer
Modern Times,14,1,G,1936,8.6,0.163245,87,1,USA,14,Charles Chaplin
The Silence of the Lambs,58,1,R,1991,8.6,130.727,138,1,USA,58,Jonathan Demme
American History X,111,1,R,1998,8.6,6.712241,101,1,USA,111,Tony Kaye
Psycho,4,1,R,1960,8.5,32.0,108,1,USA,4,Alfred Hitchcock
Terminator 2: Judgment Day,48,1,R,1991,8.5,204.84335,153,1,USA,48,James Cameron
Aliens,48,1,R,1986,8.4,85.2,154,1,USA,48,James Cameron
The Terminator,48,8,R,1984,8.1,38.4,107,8,UK,48,James Cameron
Blade Runner,90,1,R,1982,8.2,27.0,117,1,USA,90,Ridley Scott
Alien,90,8,R,1979,8.5,78.9,116,8,UK,90,Ridley Scott
The Lion King,93,1,G,1994,8.5,422.783777,73,1,USA,93,Roger Allers
Braveheart,72,1,R,1995,8.4,75.6,178,1,USA,72,Mel Gibson
Star Wars: Episode VI - Return of the Jedi,89,1,PG,1983,8.4,309.125409,134,1,USA,89,Richard Marquand
American Beauty,96,1,R,1999,8.4,130.058047,122,1,USA,96,Sam Mendes
Some Like It Hot,9,1,Not Rated,1959,8.3,25.0,120,1,USA,9,Billy Wilder
Scarface,11,1,R,1983,8.3,44.7,142,1,USA,11,Brian De Palma
Unforgiven,17,1,R,1992,8.3,101.157447,131,1,USA,17,Clint Eastwood
L.A. Confidential,18,1,R,1997,8.3,64.604977,138,1,USA,18,Curtis Hanson
The Sting,40,1,PG,1973,8.3,159.6,129,1,USA,40,George Roy Hill
Butch Cassidy and the Sundance Kid,40,1,M,1969,8.1,102.3089,110,1,USA,40,George Roy Hill
Good Will Hunting,43,1,R,1997,8.3,138.339411,126,1,USA,43,Gus Van Sant
Toy Story,56,1,G,1995,8.3,191.796233,74,1,USA,56,John Lasseter
On the Waterfront,29,1,Not Rated,1954,8.2,9.6,108,1,USA,29,Elia Kazan
The Big Lebowski,53,1,R,1998,8.2,17.439163,117,1,USA,53,Joel Coen
The Thing,54,1,R,1982,8.2,13.782838,109,1,USA,54,John Carpenter
Die Hard,57,1,R,1988,8.2,81.350242,131,1,USA,57,John McTiernan
Gone with the Wind,113,1,G,1939,8.2,198.655278,226,1,USA,113,Victor Fleming
The Wizard of Oz,113,1,Passed,1939,8.1,22.202612,102,1,USA,113,Victor Fleming
Groundhog Day,45,1,PG,1993,8.1,70.906973,101,1,USA,45,Harold Ramis
Rocky,55,1,PG,1976,8.1,117.235247,145,1,USA,55,John G. Avildsen
The Sixth Sense,69,1,PG-13,1999,8.1,293.501675,107,1,USA,69,M. Night Shyamalan
Magnolia,81,1,R,1999,8.0,22.450975,188,1,USA,81,Paul Thomas Anderson
The Truman Show,84,1,PG,1998,8.1,125.60336,103,1,USA,84,Peter Weir
Before Sunrise,88,1,R,1995,8.1,5.4,105,1,USA,88,Richard Linklater
The Princess Bride,91,1,PG,1987,8.1,30.857814,98,1,USA,91,Rob Reiner
Stand by Me,91,1,R,1986,8.1,52.287414,89,1,USA,91,Rob Reiner
Annie Hall,117,1,PG,1977,8.1,39.2,93,1,USA,117,Woody Allen
Sling Blade,8,1,R,1996,8.0,24.475416,148,1,USA,8,Billy Bob Thornton
The Iron Giant,10,1,PG,1999,8.0,23.159305,90,1,USA,10,Brad Bird
True Romance,112,1,R,1993,8.0,12.2815,121,1,USA,112,Tony Scott
Lawrence of Arabia,23,8,PG,1962,8.4,6.0,227,8,UK,23,David Lean
The Bridge on the River Kwai,23,8,PG,1957,8.2,27.2,161,8,UK,23,David Lean
"Lock, Stock and Two Smoking Barrels",44,8,R,1998,8.2,3.650677,120,8,UK,44,Guy Ritchie
2001: A Space Odyssey,100,8,G,1968,8.3,56.715371,161,8,UK,100,Stanley Kubrick
Monty Python and the Holy Grail,106,8,PG,1975,8.3,1.229197,91,8,UK,106,Terry Gilliam
Brazil,106,8,R,1985,8.0,9.929,142,8,UK,106,Terry Gilliam
Trainspotting,20,8,R,1996,8.2,16.501785,94,8,UK,20,Danny Boyle
Platoon,79,8,R,1986,8.1,137.963328,120,8,UK,79,Oliver Stone
JFK,79,7,R,1991,8.0,70.405498,206,7,France,79,Oliver Stone
Metropolis,36,6,Not Rated,1927,8.3,0.026435,145,6,Germany,36,Fritz Lang
"The Good, the Bad and the Ugly",98,2,Approved,1966,8.9,6.1,142,2,Italy,98,Sergio Leone
Once Upon a Time in America,98,2,R,1984,8.4,5.3,251,2,Italy,98,Sergio Leone
A Fistful of Dollars,98,2,R,1964,8.0,3.5,99,2,Italy,98,Sergio Leone
Seven Samurai,1,4,Unrated,1954,8.7,0.269061,202,4,Japan,1,Akira Kurosawa
Princess Mononoke,46,4,PG-13,1997,8.4,2.298191,134,4,Japan,46,Hayao Miyazaki
Akira,64,4,R,1988,8.1,0.439162,124,4,Japan,64,Katsuhiro Otomo
The Straight Story,24,7,G,1999,8.0,6.197866,112,7,France,24,David Lynch
Das Boot,116,12,R,1981,8.4,11.433134,293,12,West Germany,116,Wolfgang Petersen
The Celebration,107,13,R,1998,8.1,1.64778,105,13,Denmark,107,Thomas Vinterberg
